{"cameraMode":{"drawMode":0,"name":"Shaded","section":"Shading Mode"},"sceneLighting":true,"audioPlay":false,"sceneViewState":{"m_AlwaysRefresh":false,"showFog":true,"showSkybox":true,"showFlares":true,"showImageEffects":true,"showParticleSystems":true,"showVisualEffectGraphs":true,"m_FxEnabled":true},"in2DMode":false,"pivot":{"x":504.9100036621094,"y":269.8394470214844,"z":187.9517364501953},"rotation":{"x":-0.019818248227238656,"y":-0.013530478812754155,"z":0.000028297588869463652,"w":-1.0000238418579102},"size":211.78826904296876,"orthographic":false}