{"cameraMode":{"drawMode":0,"name":"Shaded","section":"Shading Mode"},"sceneLighting":true,"audioPlay":false,"sceneViewState":{"m_AlwaysRefresh":false,"showFog":true,"showSkybox":true,"showFlares":true,"showImageEffects":true,"showParticleSystems":true,"showVisualEffectGraphs":true,"m_FxEnabled":true},"in2DMode":false,"pivot":{"x":-969.9855346679688,"y":87.14305114746094,"z":1105.5333251953125},"rotation":{"x":-0.01981542818248272,"y":0.0032646236941218378,"z":-0.00034796513500623405,"w":-1.0000778436660767},"size":169.76626586914063,"orthographic":false}