{"cameraMode":{"drawMode":0,"name":"Shaded","section":"Shading Mode"},"sceneLighting":true,"audioPlay":false,"sceneViewState":{"m_AlwaysRefresh":false,"showFog":true,"showSkybox":true,"showFlares":true,"showImageEffects":true,"showParticleSystems":true,"showVisualEffectGraphs":true,"m_FxEnabled":true},"in2DMode":false,"pivot":{"x":-1135.758056640625,"y":27.043773651123048,"z":-46.17782211303711},"rotation":{"x":0.0013117736671119929,"y":-0.9986344575881958,"z":0.025777431204915048,"w":0.048258837312459949},"size":757.8085327148438,"orthographic":false}