{"cameraMode":{"drawMode":0,"name":"Shaded","section":"Shading Mode"},"sceneLighting":true,"audioPlay":false,"sceneViewState":{"m_AlwaysRefresh":false,"showFog":true,"showSkybox":true,"showFlares":true,"showImageEffects":true,"showParticleSystems":true,"showVisualEffectGraphs":true,"m_FxEnabled":true},"in2DMode":false,"pivot":{"x":-416.01373291015627,"y":59.71370315551758,"z":-63.26490020751953},"rotation":{"x":-0.0017972122877836228,"y":-0.08306193351745606,"z":0.00030718441121280193,"w":-0.9976666569709778},"size":17.87116813659668,"orthographic":false}