{"cameraMode":{"drawMode":0,"name":"Shaded","section":"Shading Mode"},"sceneLighting":true,"audioPlay":false,"sceneViewState":{"m_AlwaysRefresh":false,"showFog":true,"showSkybox":true,"showFlares":true,"showImageEffects":true,"showParticleSystems":true,"showVisualEffectGraphs":true,"m_FxEnabled":true},"in2DMode":false,"pivot":{"x":-499.79052734375,"y":37.497039794921878,"z":583.3665771484375},"rotation":{"x":0.0010263818548992277,"y":0.9982658624649048,"z":-0.02582605741918087,"w":0.06815209239721298},"size":70.50540924072266,"orthographic":false}